fips,region,time,firms
01,Alabama,1978,54603
01,Alabama,1979,56147
01,Alabama,1980,55813
01,Alabama,1981,55365
01,Alabama,1982,53246
01,Alabama,1983,53789
01,Alabama,1984,57283
01,Alabama,1985,58486
01,Alabama,1986,59717
01,Alabama,1987,60981
01,Alabama,1988,62297
01,Alabama,1989,63455
01,Alabama,1990,64353
01,Alabama,1991,64107
01,Alabama,1992,64694
01,Alabama,1993,66308
01,Alabama,1994,68257
01,Alabama,1995,70187
01,Alabama,1996,71126
01,Alabama,1997,71725
01,Alabama,1998,72282
01,Alabama,1999,72286
01,Alabama,2000,71700
01,Alabama,2001,70683
01,Alabama,2002,70710
01,Alabama,2003,71001
01,Alabama,2004,71878
01,Alabama,2005,72514
01,Alabama,2006,73360
01,Alabama,2007,74190
01,Alabama,2008,73364
01,Alabama,2009,71181
01,Alabama,2010,69395
01,Alabama,2011,68325
01,Alabama,2012,67979
01,Alabama,2013,67615
01,Alabama,2014,67532
01,Alabama,2015,67460
01,Alabama,2016,68120
01,Alabama,2017,68250
01,Alabama,2018,68202
01,Alabama,2019,68495
02,Alaska,1978,7114
02,Alaska,1979,7315
02,Alaska,1980,7309
02,Alaska,1981,7660
02,Alaska,1982,8073
02,Alaska,1983,9170
02,Alaska,1984,10242
02,Alaska,1985,10588
02,Alaska,1986,10588
02,Alaska,1987,10009
02,Alaska,1988,10024
02,Alaska,1989,10322
02,Alaska,1990,10611
02,Alaska,1991,10812
02,Alaska,1992,10993
02,Alaska,1993,11286
02,Alaska,1994,11662
02,Alaska,1995,12055
02,Alaska,1996,12234
02,Alaska,1997,12433
02,Alaska,1998,12724
02,Alaska,1999,12782
02,Alaska,2000,12790
02,Alaska,2001,12738
02,Alaska,2002,12843
02,Alaska,2003,13065
02,Alaska,2004,13397
02,Alaska,2005,13570
02,Alaska,2006,13799
02,Alaska,2007,13833
02,Alaska,2008,13680
02,Alaska,2009,13567
02,Alaska,2010,13606
02,Alaska,2011,13618
02,Alaska,2012,13720
02,Alaska,2013,13798
02,Alaska,2014,13823
02,Alaska,2015,13923
02,Alaska,2016,14037
02,Alaska,2017,13979
02,Alaska,2018,14068
02,Alaska,2019,14062
04,Arizona,1978,40034
04,Arizona,1979,42568
04,Arizona,1980,44518
04,Arizona,1981,46268
04,Arizona,1982,46909
04,Arizona,1983,49241
04,Arizona,1984,53013
04,Arizona,1985,56148
04,Arizona,1986,58532
04,Arizona,1987,60458
04,Arizona,1988,62012
04,Arizona,1989,62659
04,Arizona,1990,63530
04,Arizona,1991,64069
04,Arizona,1992,64920
04,Arizona,1993,66953
04,Arizona,1994,69743
04,Arizona,1995,72439
04,Arizona,1996,74317
04,Arizona,1997,76503
04,Arizona,1998,77967
04,Arizona,1999,79469
04,Arizona,2000,80333
04,Arizona,2001,81538
04,Arizona,2002,82114
04,Arizona,2003,83669
04,Arizona,2004,86209
04,Arizona,2005,89392
04,Arizona,2006,94663
04,Arizona,2007,97176
04,Arizona,2008,96271
04,Arizona,2009,91325
04,Arizona,2010,88472
04,Arizona,2011,87577
04,Arizona,2012,87772
04,Arizona,2013,88505
04,Arizona,2014,89444
04,Arizona,2015,90727
04,Arizona,2016,92498
04,Arizona,2017,94019
04,Arizona,2018,95532
04,Arizona,2019,96765
05,Arkansas,1978,36903
05,Arkansas,1979,37444
05,Arkansas,1980,37443
05,Arkansas,1981,37155
05,Arkansas,1982,36219
05,Arkansas,1983,37200
05,Arkansas,1984,39243
05,Arkansas,1985,39658
05,Arkansas,1986,39886
05,Arkansas,1987,39927
05,Arkansas,1988,40147
05,Arkansas,1989,40531
05,Arkansas,1990,41346
05,Arkansas,1991,41221
05,Arkansas,1992,41660
05,Arkansas,1993,43021
05,Arkansas,1994,44162
05,Arkansas,1995,45400
05,Arkansas,1996,45781
05,Arkansas,1997,46044
05,Arkansas,1998,46037
05,Arkansas,1999,46072
05,Arkansas,2000,46189
05,Arkansas,2001,45611
05,Arkansas,2002,46002
05,Arkansas,2003,46508
05,Arkansas,2004,47148
05,Arkansas,2005,47516
05,Arkansas,2006,47870
05,Arkansas,2007,48030
05,Arkansas,2008,47460
05,Arkansas,2009,46629
05,Arkansas,2010,46137
05,Arkansas,2011,45716
05,Arkansas,2012,45649
05,Arkansas,2013,45511
05,Arkansas,2014,45407
05,Arkansas,2015,45342
05,Arkansas,2016,45674
05,Arkansas,2017,45772
05,Arkansas,2018,45883
05,Arkansas,2019,45973
06,California,1978,388190
06,California,1979,411682
06,California,1980,424712
06,California,1981,433759
06,California,1982,428359
06,California,1983,439051
06,California,1984,461645
06,California,1985,476759
06,California,1986,491115
06,California,1987,504699
06,California,1988,517500
06,California,1989,528694
06,California,1990,542239
06,California,1991,539766
06,California,1992,531944
06,California,1993,526427
06,California,1994,526950
06,California,1995,531888
06,California,1996,537192
06,California,1997,542945
06,California,1998,554088
06,California,1999,561848
06,California,2000,569887
06,California,2001,575519
06,California,2002,578681
06,California,2003,587486
06,California,2004,596383
06,California,2005,607440
06,California,2006,625085
06,California,2007,633049
06,California,2008,626741
06,California,2009,610274
06,California,2010,598949
06,California,2011,599741
06,California,2012,608213
06,California,2013,614181
06,California,2014,625398
06,California,2015,635564
06,California,2016,647468
06,California,2017,655518
06,California,2018,664784
06,California,2019,674532
08,Colorado,1978,55128
08,Colorado,1979,58649
08,Colorado,1980,60470
08,Colorado,1981,61960
08,Colorado,1982,62515
08,Colorado,1983,64830
08,Colorado,1984,68409
08,Colorado,1985,69727
08,Colorado,1986,70216
08,Colorado,1987,70177
08,Colorado,1988,70337
08,Colorado,1989,70850
08,Colorado,1990,72365
08,Colorado,1991,73766
08,Colorado,1992,75447
08,Colorado,1993,79369
08,Colorado,1994,83440
08,Colorado,1995,87313
08,Colorado,1996,89512
08,Colorado,1997,91851
08,Colorado,1998,94590
08,Colorado,1999,96546
08,Colorado,2000,98413
08,Colorado,2001,100202
08,Colorado,2002,100766
08,Colorado,2003,102325
08,Colorado,2004,104208
08,Colorado,2005,106973
08,Colorado,2006,110056
08,Colorado,2007,112064
08,Colorado,2008,111792
08,Colorado,2009,108766
08,Colorado,2010,106781
08,Colorado,2011,106467
08,Colorado,2012,107468
08,Colorado,2013,108999
08,Colorado,2014,111074
08,Colorado,2015,113258
08,Colorado,2016,115893
08,Colorado,2017,118087
08,Colorado,2018,120289
08,Colorado,2019,121649
09,Connecticut,1978,56216
09,Connecticut,1979,58321
09,Connecticut,1980,59125
09,Connecticut,1981,59704
09,Connecticut,1982,59314
09,Connecticut,1983,60817
09,Connecticut,1984,63481
09,Connecticut,1985,64992
09,Connecticut,1986,67084
09,Connecticut,1987,69446
09,Connecticut,1988,71857
09,Connecticut,1989,73017
09,Connecticut,1990,72325
09,Connecticut,1991,69664
09,Connecticut,1992,67986
09,Connecticut,1993,68268
09,Connecticut,1994,68689
09,Connecticut,1995,69687
09,Connecticut,1996,69463
09,Connecticut,1997,69512
09,Connecticut,1998,69806
09,Connecticut,1999,69658
09,Connecticut,2000,69798
09,Connecticut,2001,69250
09,Connecticut,2002,68695
09,Connecticut,2003,68271
09,Connecticut,2004,68865
09,Connecticut,2005,69230
09,Connecticut,2006,69422
09,Connecticut,2007,68937
09,Connecticut,2008,68139
09,Connecticut,2009,66261
09,Connecticut,2010,65084
09,Connecticut,2011,64227
09,Connecticut,2012,64469
09,Connecticut,2013,64238
09,Connecticut,2014,64066
09,Connecticut,2015,63841
09,Connecticut,2016,64552
09,Connecticut,2017,63683
09,Connecticut,2018,63262
09,Connecticut,2019,63036
10,Delaware,1978,9942
10,Delaware,1979,10326
10,Delaware,1980,10358
10,Delaware,1981,10390
10,Delaware,1982,10345
10,Delaware,1983,10808
10,Delaware,1984,11180
10,Delaware,1985,11525
10,Delaware,1986,12132
10,Delaware,1987,12525
10,Delaware,1988,13039
10,Delaware,1989,13598
10,Delaware,1990,14104
10,Delaware,1991,14256
10,Delaware,1992,14246
10,Delaware,1993,14643
10,Delaware,1994,14987
10,Delaware,1995,15463
10,Delaware,1996,15634
10,Delaware,1997,15983
10,Delaware,1998,16476
10,Delaware,1999,16858
10,Delaware,2000,17288
10,Delaware,2001,17639
10,Delaware,2002,17537
10,Delaware,2003,17784
10,Delaware,2004,18154
10,Delaware,2005,18329
10,Delaware,2006,18354
10,Delaware,2007,18132
10,Delaware,2008,17838
10,Delaware,2009,17376
10,Delaware,2010,17159
10,Delaware,2011,17036
10,Delaware,2012,16917
10,Delaware,2013,16955
10,Delaware,2014,17092
10,Delaware,2015,17291
10,Delaware,2016,17721
10,Delaware,2017,17810
10,Delaware,2018,18079
10,Delaware,2019,18429
11,District of Columbia,1978,12736
11,District of Columbia,1979,13087
11,District of Columbia,1980,13158
11,District of Columbia,1981,13256
11,District of Columbia,1982,13249
11,District of Columbia,1983,13857
11,District of Columbia,1984,13975
11,District of Columbia,1985,13940
11,District of Columbia,1986,14225
11,District of Columbia,1987,14346
11,District of Columbia,1988,14492
11,District of Columbia,1989,14514
11,District of Columbia,1990,14258
11,District of Columbia,1991,14191
11,District of Columbia,1992,14032
11,District of Columbia,1993,14077
11,District of Columbia,1994,14251
11,District of Columbia,1995,14338
11,District of Columbia,1996,14330
11,District of Columbia,1997,14243
11,District of Columbia,1998,14355
11,District of Columbia,1999,14332
11,District of Columbia,2000,14400
11,District of Columbia,2001,14321
11,District of Columbia,2002,14635
11,District of Columbia,2003,14613
11,District of Columbia,2004,14889
11,District of Columbia,2005,15006
11,District of Columbia,2006,15317
11,District of Columbia,2007,15382
11,District of Columbia,2008,15363
11,District of Columbia,2009,15310
11,District of Columbia,2010,15411
11,District of Columbia,2011,15578
11,District of Columbia,2012,15708
11,District of Columbia,2013,15923
11,District of Columbia,2014,16072
11,District of Columbia,2015,16284
11,District of Columbia,2016,16555
11,District of Columbia,2017,16692
11,District of Columbia,2018,16917
11,District of Columbia,2019,16997
12,Florida,1978,165165
12,Florida,1979,175201
12,Florida,1980,183914
12,Florida,1981,192197
12,Florida,1982,193491
12,Florida,1983,204017
12,Florida,1984,215905
12,Florida,1985,224687
12,Florida,1986,234183
12,Florida,1987,242322
12,Florida,1988,251532
12,Florida,1989,258608
12,Florida,1990,265512
12,Florida,1991,265034
12,Florida,1992,268791
12,Florida,1993,278046
12,Florida,1994,284854
12,Florida,1995,290704
12,Florida,1996,294581
12,Florida,1997,297188
12,Florida,1998,301355
12,Florida,1999,303194
12,Florida,2000,303875
12,Florida,2001,307750
12,Florida,2002,312949
12,Florida,2003,322958
12,Florida,2004,339905
12,Florida,2005,355048
12,Florida,2006,369714
12,Florida,2007,372841
12,Florida,2008,360830
12,Florida,2009,346429
12,Florida,2010,343501
12,Florida,2011,346112
12,Florida,2012,354864
12,Florida,2013,361063
12,Florida,2014,367119
12,Florida,2015,375225
12,Florida,2016,384655
12,Florida,2017,390923
12,Florida,2018,397732
12,Florida,2019,404286
13,Georgia,1978,82101
13,Georgia,1979,84862
13,Georgia,1980,85902
13,Georgia,1981,86964
13,Georgia,1982,85807
13,Georgia,1983,89351
13,Georgia,1984,95233
13,Georgia,1985,99240
13,Georgia,1986,102959
13,Georgia,1987,105693
13,Georgia,1988,109045
13,Georgia,1989,111736
13,Georgia,1990,113375
13,Georgia,1991,112777
13,Georgia,1992,114429
13,Georgia,1993,118414
13,Georgia,1994,122183
13,Georgia,1995,126405
13,Georgia,1996,129675
13,Georgia,1997,131967
13,Georgia,1998,135241
13,Georgia,1999,137504
13,Georgia,2000,138604
13,Georgia,2001,139911
13,Georgia,2002,141423
13,Georgia,2003,144271
13,Georgia,2004,148394
13,Georgia,2005,152124
13,Georgia,2006,157066
13,Georgia,2007,160398
13,Georgia,2008,158335
13,Georgia,2009,151898
13,Georgia,2010,148674
13,Georgia,2011,147479
13,Georgia,2012,148029
13,Georgia,2013,149103
13,Georgia,2014,150392
13,Georgia,2015,152509
13,Georgia,2016,155496
13,Georgia,2017,157739
13,Georgia,2018,159833
13,Georgia,2019,161754
15,Hawaii,1978,15719
15,Hawaii,1979,16719
15,Hawaii,1980,17575
15,Hawaii,1981,18066
15,Hawaii,1982,17842
15,Hawaii,1983,18621
15,Hawaii,1984,18961
15,Hawaii,1985,19062
15,Hawaii,1986,19393
15,Hawaii,1987,19871
15,Hawaii,1988,20489
15,Hawaii,1989,20948
15,Hawaii,1990,21595
15,Hawaii,1991,21903
15,Hawaii,1992,21774
15,Hawaii,1993,21762
15,Hawaii,1994,21799
15,Hawaii,1995,21899
15,Hawaii,1996,21719
15,Hawaii,1997,21653
15,Hawaii,1998,21679
15,Hawaii,1999,21572
15,Hawaii,2000,21768
15,Hawaii,2001,22067
15,Hawaii,2002,22231
15,Hawaii,2003,22639
15,Hawaii,2004,23113
15,Hawaii,2005,23547
15,Hawaii,2006,24167
15,Hawaii,2007,24312
15,Hawaii,2008,23987
15,Hawaii,2009,23559
15,Hawaii,2010,23117
15,Hawaii,2011,22797
15,Hawaii,2012,22674
15,Hawaii,2013,22730
15,Hawaii,2014,22717
15,Hawaii,2015,22743
15,Hawaii,2016,22988
15,Hawaii,2017,23006
15,Hawaii,2018,23145
15,Hawaii,2019,23208
16,Idaho,1978,17187
16,Idaho,1979,17766
16,Idaho,1980,17805
16,Idaho,1981,17635
16,Idaho,1982,17111
16,Idaho,1983,17575
16,Idaho,1984,18416
16,Idaho,1985,18580
16,Idaho,1986,18682
16,Idaho,1987,18719
16,Idaho,1988,18992
16,Idaho,1989,19394
16,Idaho,1990,20443
16,Idaho,1991,20778
16,Idaho,1992,21457
16,Idaho,1993,22324
16,Idaho,1994,23639
16,Idaho,1995,24649
16,Idaho,1996,25326
16,Idaho,1997,26070
16,Idaho,1998,26661
16,Idaho,1999,27238
16,Idaho,2000,27542
16,Idaho,2001,27818
16,Idaho,2002,28116
16,Idaho,2003,29041
16,Idaho,2004,30149
16,Idaho,2005,31714
16,Idaho,2006,33813
16,Idaho,2007,35076
16,Idaho,2008,34423
16,Idaho,2009,32540
16,Idaho,2010,31813
16,Idaho,2011,30991
16,Idaho,2012,31079
16,Idaho,2013,31308
16,Idaho,2014,32001
16,Idaho,2015,32543
16,Idaho,2016,33246
16,Idaho,2017,33778
16,Idaho,2018,34981
16,Idaho,2019,36169
17,Illinois,1978,179096
17,Illinois,1979,182438
17,Illinois,1980,182781
17,Illinois,1981,182580
17,Illinois,1982,179499
17,Illinois,1983,183102
17,Illinois,1984,186402
17,Illinois,1985,187632
17,Illinois,1986,190403
17,Illinois,1987,192190
17,Illinois,1988,195841
17,Illinois,1989,199084
17,Illinois,1990,203021
17,Illinois,1991,202795
17,Illinois,1992,203194
17,Illinois,1993,206931
17,Illinois,1994,210520
17,Illinois,1995,214642
17,Illinois,1996,216003
17,Illinois,1997,217242
17,Illinois,1998,220297
17,Illinois,1999,220878
17,Illinois,2000,221228
17,Illinois,2001,220374
17,Illinois,2002,218829
17,Illinois,2003,220112
17,Illinois,2004,223009
17,Illinois,2005,225367
17,Illinois,2006,228414
17,Illinois,2007,229070
17,Illinois,2008,226794
17,Illinois,2009,221519
17,Illinois,2010,218656
17,Illinois,2011,218253
17,Illinois,2012,219266
17,Illinois,2013,219113
17,Illinois,2014,219174
17,Illinois,2015,220613
17,Illinois,2016,222307
17,Illinois,2017,222120
17,Illinois,2018,221911
17,Illinois,2019,221368
18,Indiana,1978,81309
18,Indiana,1979,83618
18,Indiana,1980,83526
18,Indiana,1981,82906
18,Indiana,1982,81531
18,Indiana,1983,82577
18,Indiana,1984,85717
18,Indiana,1985,86577
18,Indiana,1986,88179
18,Indiana,1987,89641
18,Indiana,1988,91521
18,Indiana,1989,93399
18,Indiana,1990,95133
18,Indiana,1991,95151
18,Indiana,1992,95743
18,Indiana,1993,97893
18,Indiana,1994,100070
18,Indiana,1995,102307
18,Indiana,1996,103043
18,Indiana,1997,103512
18,Indiana,1998,104559
18,Indiana,1999,104356
18,Indiana,2000,103915
18,Indiana,2001,103148
18,Indiana,2002,103324
18,Indiana,2003,103615
18,Indiana,2004,104711
18,Indiana,2005,104854
18,Indiana,2006,105862
18,Indiana,2007,105737
18,Indiana,2008,104237
18,Indiana,2009,101306
18,Indiana,2010,99580
18,Indiana,2011,98473
18,Indiana,2012,98557
18,Indiana,2013,97961
18,Indiana,2014,97382
18,Indiana,2015,97683
18,Indiana,2016,98254
18,Indiana,2017,98589
18,Indiana,2018,98995
18,Indiana,2019,98826
19,Iowa,1978,55840
19,Iowa,1979,56777
19,Iowa,1980,56679
19,Iowa,1981,56459
19,Iowa,1982,54157
19,Iowa,1983,54873
19,Iowa,1984,55935
19,Iowa,1985,54609
19,Iowa,1986,53704
19,Iowa,1987,53413
19,Iowa,1988,53881
19,Iowa,1989,54386
19,Iowa,1990,55124
19,Iowa,1991,55211
19,Iowa,1992,55533
19,Iowa,1993,56191
19,Iowa,1994,56959
19,Iowa,1995,57727
19,Iowa,1996,57925
19,Iowa,1997,57998
19,Iowa,1998,58661
19,Iowa,1999,58509
19,Iowa,2000,58380
19,Iowa,2001,57600
19,Iowa,2002,57325
19,Iowa,2003,57598
19,Iowa,2004,58012
19,Iowa,2005,58351
19,Iowa,2006,58283
19,Iowa,2007,58276
19,Iowa,2008,57621
19,Iowa,2009,56819
19,Iowa,2010,56391
19,Iowa,2011,55942
19,Iowa,2012,56156
19,Iowa,2013,55624
19,Iowa,2014,55543
19,Iowa,2015,55786
19,Iowa,2016,56007
19,Iowa,2017,55899
19,Iowa,2018,56300
19,Iowa,2019,55985
20,Kansas,1978,46029
20,Kansas,1979,47380
20,Kansas,1980,47596
20,Kansas,1981,47875
20,Kansas,1982,46960
20,Kansas,1983,48136
20,Kansas,1984,49888
20,Kansas,1985,49837
20,Kansas,1986,49597
20,Kansas,1987,49252
20,Kansas,1988,50018
20,Kansas,1989,50154
20,Kansas,1990,50087
20,Kansas,1991,49675
20,Kansas,1992,49964
20,Kansas,1993,50951
20,Kansas,1994,52050
20,Kansas,1995,52913
20,Kansas,1996,53247
20,Kansas,1997,53728
20,Kansas,1998,54422
20,Kansas,1999,54448
20,Kansas,2000,54511
20,Kansas,2001,54159
20,Kansas,2002,54013
20,Kansas,2003,54286
20,Kansas,2004,55004
20,Kansas,2005,55426
20,Kansas,2006,55587
20,Kansas,2007,55671
20,Kansas,2008,55064
20,Kansas,2009,54154
20,Kansas,2010,53432
20,Kansas,2011,52620
20,Kansas,2012,52561
20,Kansas,2013,52205
20,Kansas,2014,52368
20,Kansas,2015,52373
20,Kansas,2016,52620
20,Kansas,2017,52243
20,Kansas,2018,51989
20,Kansas,2019,51698
21,Kentucky,1978,51290
21,Kentucky,1979,52980
21,Kentucky,1980,52695
21,Kentucky,1981,52516
21,Kentucky,1982,51541
21,Kentucky,1983,52092
21,Kentucky,1984,54774
21,Kentucky,1985,55318
21,Kentucky,1986,56216
21,Kentucky,1987,57033
21,Kentucky,1988,57944
21,Kentucky,1989,59050
21,Kentucky,1990,59937
21,Kentucky,1991,59476
21,Kentucky,1992,59615
21,Kentucky,1993,60763
21,Kentucky,1994,61862
21,Kentucky,1995,63149
21,Kentucky,1996,63525
21,Kentucky,1997,64138
21,Kentucky,1998,64966
21,Kentucky,1999,65169
21,Kentucky,2000,64890
21,Kentucky,2001,64710
21,Kentucky,2002,64518
21,Kentucky,2003,64530
21,Kentucky,2004,65164
21,Kentucky,2005,65579
21,Kentucky,2006,65949
21,Kentucky,2007,65872
21,Kentucky,2008,64834
21,Kentucky,2009,63448
21,Kentucky,2010,62503
21,Kentucky,2011,61677
21,Kentucky,2012,61607
21,Kentucky,2013,61718
21,Kentucky,2014,62249
21,Kentucky,2015,62220
21,Kentucky,2016,62279
21,Kentucky,2017,61829
21,Kentucky,2018,60800
21,Kentucky,2019,60901
22,Louisiana,1978,61484
22,Louisiana,1979,64292
22,Louisiana,1980,65176
22,Louisiana,1981,66890
22,Louisiana,1982,67923
22,Louisiana,1983,69712
22,Louisiana,1984,71675
22,Louisiana,1985,71397
22,Louisiana,1986,70328
22,Louisiana,1987,67151
22,Louisiana,1988,66119
22,Louisiana,1989,65311
22,Louisiana,1990,65746
22,Louisiana,1991,65754
22,Louisiana,1992,66308
22,Louisiana,1993,67901
22,Louisiana,1994,69433
22,Louisiana,1995,70703
22,Louisiana,1996,71747
22,Louisiana,1997,72563
22,Louisiana,1998,73462
22,Louisiana,1999,73293
22,Louisiana,2000,72836
22,Louisiana,2001,72646
22,Louisiana,2002,73098
22,Louisiana,2003,73716
22,Louisiana,2004,74533
22,Louisiana,2005,74715
22,Louisiana,2006,72030
22,Louisiana,2007,74809
22,Louisiana,2008,74828
22,Louisiana,2009,74546
22,Louisiana,2010,74065
22,Louisiana,2011,73721
22,Louisiana,2012,74018
22,Louisiana,2013,74045
22,Louisiana,2014,74112
22,Louisiana,2015,73994
22,Louisiana,2016,73955
22,Louisiana,2017,73679
22,Louisiana,2018,73681
22,Louisiana,2019,73702
23,Maine,1978,19760
23,Maine,1979,20361
23,Maine,1980,20268
23,Maine,1981,20206
23,Maine,1982,19729
23,Maine,1983,20163
23,Maine,1984,21550
23,Maine,1985,22365
23,Maine,1986,23477
23,Maine,1987,24774
23,Maine,1988,25982
23,Maine,1989,26860
23,Maine,1990,26396
23,Maine,1991,25575
23,Maine,1992,25316
23,Maine,1993,25642
23,Maine,1994,26084
23,Maine,1995,26738
23,Maine,1996,27143
23,Maine,1997,27579
23,Maine,1998,28260
23,Maine,1999,28835
23,Maine,2000,29203
23,Maine,2001,29305
23,Maine,2002,29181
23,Maine,2003,29477
23,Maine,2004,29943
23,Maine,2005,30293
23,Maine,2006,30655
23,Maine,2007,30709
23,Maine,2008,30094
23,Maine,2009,28966
23,Maine,2010,28752
23,Maine,2011,28336
23,Maine,2012,28232
23,Maine,2013,28121
23,Maine,2014,28212
23,Maine,2015,28400
23,Maine,2016,29076
23,Maine,2017,29109
23,Maine,2018,29286
23,Maine,2019,29380
24,Maryland,1978,60021
24,Maryland,1979,62122
24,Maryland,1980,62994
24,Maryland,1981,63595
24,Maryland,1982,63144
24,Maryland,1983,66018
24,Maryland,1984,68456
24,Maryland,1985,71110
24,Maryland,1986,74719
24,Maryland,1987,77260
24,Maryland,1988,80084
24,Maryland,1989,82593
24,Maryland,1990,84711
24,Maryland,1991,83728
24,Maryland,1992,83833
24,Maryland,1993,85418
24,Maryland,1994,86928
24,Maryland,1995,89059
24,Maryland,1996,89458
24,Maryland,1997,90208
24,Maryland,1998,91176
24,Maryland,1999,91760
24,Maryland,2000,92059
24,Maryland,2001,92783
24,Maryland,2002,93750
24,Maryland,2003,95372
24,Maryland,2004,97588
24,Maryland,2005,99467
24,Maryland,2006,101589
24,Maryland,2007,101865
24,Maryland,2008,100134
24,Maryland,2009,97128
24,Maryland,2010,95785
24,Maryland,2011,94963
24,Maryland,2012,95803
24,Maryland,2013,95932
24,Maryland,2014,96148
24,Maryland,2015,96334
24,Maryland,2016,97443
24,Maryland,2017,97535
24,Maryland,2018,97850
24,Maryland,2019,97970
25,Massachusetts,1978,95951
25,Massachusetts,1979,98290
25,Massachusetts,1980,99443
25,Massachusetts,1981,100477
25,Massachusetts,1982,100189
25,Massachusetts,1983,102881
25,Massachusetts,1984,107711
25,Massachusetts,1985,111036
25,Massachusetts,1986,114672
25,Massachusetts,1987,118238
25,Massachusetts,1988,121963
25,Massachusetts,1989,123491
25,Massachusetts,1990,120590
25,Massachusetts,1991,115160
25,Massachusetts,1992,112970
25,Massachusetts,1993,113973
25,Massachusetts,1994,115930
25,Massachusetts,1995,118410
25,Massachusetts,1996,119207
25,Massachusetts,1997,121403
25,Massachusetts,1998,123371
25,Massachusetts,1999,125651
25,Massachusetts,2000,127080
25,Massachusetts,2001,127300
25,Massachusetts,2002,126582
25,Massachusetts,2003,128742
25,Massachusetts,2004,127613
25,Massachusetts,2005,126897
25,Massachusetts,2006,128542
25,Massachusetts,2007,127908
25,Massachusetts,2008,125873
25,Massachusetts,2009,122738
25,Massachusetts,2010,121201
25,Massachusetts,2011,121072
25,Massachusetts,2012,122510
25,Massachusetts,2013,122948
25,Massachusetts,2014,123727
25,Massachusetts,2015,124292
25,Massachusetts,2016,126510
25,Massachusetts,2017,127187
25,Massachusetts,2018,127735
25,Massachusetts,2019,128688
26,Michigan,1978,127265
26,Michigan,1979,131001
26,Michigan,1980,130894
26,Michigan,1981,129794
26,Michigan,1982,126151
26,Michigan,1983,130143
26,Michigan,1984,135200
26,Michigan,1985,138185
26,Michigan,1986,141098
26,Michigan,1987,143597
26,Michigan,1988,147138
26,Michigan,1989,151081
26,Michigan,1990,153932
26,Michigan,1991,153824
26,Michigan,1992,153515
26,Michigan,1993,156373
26,Michigan,1994,159539
26,Michigan,1995,163571
26,Michigan,1996,165434
26,Michigan,1997,166977
26,Michigan,1998,168546
26,Michigan,1999,168533
26,Michigan,2000,168615
26,Michigan,2001,167483
26,Michigan,2002,165784
26,Michigan,2003,165864
26,Michigan,2004,166949
26,Michigan,2005,167131
26,Michigan,2006,167333
26,Michigan,2007,164702
26,Michigan,2008,160757
26,Michigan,2009,155292
26,Michigan,2010,151613
26,Michigan,2011,150837
26,Michigan,2012,151545
26,Michigan,2013,151310
26,Michigan,2014,151300
26,Michigan,2015,151997
26,Michigan,2016,153470
26,Michigan,2017,153207
26,Michigan,2018,153549
26,Michigan,2019,152737
27,Minnesota,1978,67826
27,Minnesota,1979,70594
27,Minnesota,1980,71523
27,Minnesota,1981,71760
27,Minnesota,1982,70624
27,Minnesota,1983,72541
27,Minnesota,1984,75691
27,Minnesota,1985,76419
27,Minnesota,1986,77143
27,Minnesota,1987,78148
27,Minnesota,1988,79651
27,Minnesota,1989,81160
27,Minnesota,1990,82910
27,Minnesota,1991,83518
27,Minnesota,1992,84232
27,Minnesota,1993,86809
27,Minnesota,1994,89216
27,Minnesota,1995,91308
27,Minnesota,1996,92853
27,Minnesota,1997,94614
27,Minnesota,1998,97103
27,Minnesota,1999,98336
27,Minnesota,2000,99360
27,Minnesota,2001,99983
27,Minnesota,2002,99855
27,Minnesota,2003,101376
27,Minnesota,2004,103358
27,Minnesota,2005,104776
27,Minnesota,2006,106156
27,Minnesota,2007,105913
27,Minnesota,2008,104075
27,Minnesota,2009,101555
27,Minnesota,2010,100376
27,Minnesota,2011,99993
27,Minnesota,2012,100431
27,Minnesota,2013,100460
27,Minnesota,2014,101020
27,Minnesota,2015,101622
27,Minnesota,2016,102505
27,Minnesota,2017,102803
27,Minnesota,2018,102348
27,Minnesota,2019,102182
28,Mississippi,1978,35798
28,Mississippi,1979,37012
28,Mississippi,1980,37364
28,Mississippi,1981,37064
28,Mississippi,1982,35693
28,Mississippi,1983,36311
28,Mississippi,1984,38334
28,Mississippi,1985,38434
28,Mississippi,1986,38947
28,Mississippi,1987,38969
28,Mississippi,1988,39155
28,Mississippi,1989,39503
28,Mississippi,1990,39978
28,Mississippi,1991,39798
28,Mississippi,1992,40024
28,Mississippi,1993,41042
28,Mississippi,1994,41698
28,Mississippi,1995,42534
28,Mississippi,1996,42936
28,Mississippi,1997,43284
28,Mississippi,1998,43734
28,Mississippi,1999,43795
28,Mississippi,2000,43276
28,Mississippi,2001,42680
28,Mississippi,2002,42920
28,Mississippi,2003,43229
28,Mississippi,2004,43644
28,Mississippi,2005,43675
28,Mississippi,2006,43363
28,Mississippi,2007,44093
28,Mississippi,2008,43621
28,Mississippi,2009,42672
28,Mississippi,2010,42113
28,Mississippi,2011,41720
28,Mississippi,2012,41364
28,Mississippi,2013,41082
28,Mississippi,2014,41042
28,Mississippi,2015,40863
28,Mississippi,2016,40904
28,Mississippi,2017,40780
28,Mississippi,2018,40743
28,Mississippi,2019,40613
29,Missouri,1978,81183
29,Missouri,1979,83792
29,Missouri,1980,83779
29,Missouri,1981,83754
29,Missouri,1982,81176
29,Missouri,1983,84043
29,Missouri,1984,86756
29,Missouri,1985,88275
29,Missouri,1986,90023
29,Missouri,1987,91611
29,Missouri,1988,93209
29,Missouri,1989,95205
29,Missouri,1990,96816
29,Missouri,1991,96147
29,Missouri,1992,96660
29,Missouri,1993,98685
29,Missouri,1994,100803
29,Missouri,1995,102763
29,Missouri,1996,103459
29,Missouri,1997,103409
29,Missouri,1998,104536
29,Missouri,1999,104728
29,Missouri,2000,104759
29,Missouri,2001,103550
29,Missouri,2002,104292
29,Missouri,2003,105902
29,Missouri,2004,108424
29,Missouri,2005,110341
29,Missouri,2006,109771
29,Missouri,2007,109205
29,Missouri,2008,107557
29,Missouri,2009,105282
29,Missouri,2010,103681
29,Missouri,2011,101435
29,Missouri,2012,101308
29,Missouri,2013,103240
29,Missouri,2014,105569
29,Missouri,2015,107682
29,Missouri,2016,109979
29,Missouri,2017,110060
29,Missouri,2018,104225
29,Missouri,2019,104070
30,Montana,1978,17070
30,Montana,1979,17948
30,Montana,1980,17977
30,Montana,1981,18141
30,Montana,1982,17717
30,Montana,1983,18365
30,Montana,1984,19283
30,Montana,1985,19251
30,Montana,1986,19082
30,Montana,1987,19028
30,Montana,1988,19094
30,Montana,1989,19127
30,Montana,1990,19530
30,Montana,1991,19646
30,Montana,1992,20086
30,Montana,1993,20503
30,Montana,1994,21243
30,Montana,1995,21939
30,Montana,1996,22436
30,Montana,1997,22948
30,Montana,1998,23495
30,Montana,1999,23690
30,Montana,2000,23935
30,Montana,2001,24196
30,Montana,2002,24275
30,Montana,2003,24889
30,Montana,2004,25753
30,Montana,2005,26476
30,Montana,2006,27520
30,Montana,2007,28265
30,Montana,2008,28121
30,Montana,2009,27137
30,Montana,2010,26774
30,Montana,2011,26450
30,Montana,2012,26753
30,Montana,2013,26944
30,Montana,2014,27095
30,Montana,2015,27474
30,Montana,2016,27682
30,Montana,2017,27752
30,Montana,2018,28043
30,Montana,2019,28234
31,Nebraska,1978,31294
31,Nebraska,1979,32365
31,Nebraska,1980,32358
31,Nebraska,1981,32460
31,Nebraska,1982,31623
31,Nebraska,1983,32387
31,Nebraska,1984,33445
31,Nebraska,1985,33108
31,Nebraska,1986,32694
31,Nebraska,1987,32577
31,Nebraska,1988,33002
31,Nebraska,1989,33324
31,Nebraska,1990,33675
31,Nebraska,1991,33654
31,Nebraska,1992,33977
31,Nebraska,1993,34406
31,Nebraska,1994,34965
31,Nebraska,1995,35390
31,Nebraska,1996,35515
31,Nebraska,1997,35820
31,Nebraska,1998,36144
31,Nebraska,1999,36285
31,Nebraska,2000,36505
31,Nebraska,2001,36562
31,Nebraska,2002,36607
31,Nebraska,2003,36956
31,Nebraska,2004,37331
31,Nebraska,2005,37652
31,Nebraska,2006,37828
31,Nebraska,2007,37861
31,Nebraska,2008,37643
31,Nebraska,2009,37379
31,Nebraska,2010,37347
31,Nebraska,2011,37111
31,Nebraska,2012,37425
31,Nebraska,2013,37386
31,Nebraska,2014,37850
31,Nebraska,2015,38150
31,Nebraska,2016,38624
31,Nebraska,2017,38843
31,Nebraska,2018,38793
31,Nebraska,2019,38747
32,Nevada,1978,14459
32,Nevada,1979,15686
32,Nevada,1980,16323
32,Nevada,1981,16881
32,Nevada,1982,16891
32,Nevada,1983,17274
32,Nevada,1984,18381
32,Nevada,1985,18822
32,Nevada,1986,19321
32,Nevada,1987,20170
32,Nevada,1988,21073
32,Nevada,1989,22262
32,Nevada,1990,23353
32,Nevada,1991,24047
32,Nevada,1992,24408
32,Nevada,1993,25197
32,Nevada,1994,26642
32,Nevada,1995,28127
32,Nevada,1996,29056
32,Nevada,1997,30475
32,Nevada,1998,31978
32,Nevada,1999,33292
32,Nevada,2000,34286
32,Nevada,2001,34970
32,Nevada,2002,35539
32,Nevada,2003,37130
32,Nevada,2004,38691
32,Nevada,2005,40302
32,Nevada,2006,42511
32,Nevada,2007,43601
32,Nevada,2008,43246
32,Nevada,2009,41673
32,Nevada,2010,40637
32,Nevada,2011,40586
32,Nevada,2012,40919
32,Nevada,2013,41463
32,Nevada,2014,42476
32,Nevada,2015,43575
32,Nevada,2016,44719
32,Nevada,2017,45314
32,Nevada,2018,46492
32,Nevada,2019,47273
33,New Hampshire,1978,17562
33,New Hampshire,1979,18343
33,New Hampshire,1980,18434
33,New Hampshire,1981,18725
33,New Hampshire,1982,18611
33,New Hampshire,1983,19366
33,New Hampshire,1984,20911
33,New Hampshire,1985,22273
33,New Hampshire,1986,24019
33,New Hampshire,1987,25691
33,New Hampshire,1988,26843
33,New Hampshire,1989,27132
33,New Hampshire,1990,26165
33,New Hampshire,1991,24928
33,New Hampshire,1992,24625
33,New Hampshire,1993,24874
33,New Hampshire,1994,25474
33,New Hampshire,1995,26322
33,New Hampshire,1996,26902
33,New Hampshire,1997,27372
33,New Hampshire,1998,28015
33,New Hampshire,1999,28313
33,New Hampshire,2000,28479
33,New Hampshire,2001,28555
33,New Hampshire,2002,28418
33,New Hampshire,2003,28526
33,New Hampshire,2004,29036
33,New Hampshire,2005,29354
33,New Hampshire,2006,29575
33,New Hampshire,2007,29419
33,New Hampshire,2008,28926
33,New Hampshire,2009,28005
33,New Hampshire,2010,27719
33,New Hampshire,2011,27344
33,New Hampshire,2012,27442
33,New Hampshire,2013,27354
33,New Hampshire,2014,27281
33,New Hampshire,2015,27277
33,New Hampshire,2016,27620
33,New Hampshire,2017,27467
33,New Hampshire,2018,27583
33,New Hampshire,2019,27724
34,New Jersey,1978,129472
34,New Jersey,1979,134177
34,New Jersey,1980,136337
34,New Jersey,1981,137142
34,New Jersey,1982,136307
34,New Jersey,1983,140370
34,New Jersey,1984,145030
34,New Jersey,1985,149182
34,New Jersey,1986,153689
34,New Jersey,1987,158395
34,New Jersey,1988,162890
34,New Jersey,1989,165044
34,New Jersey,1990,165047
34,New Jersey,1991,160779
34,New Jersey,1992,159070
34,New Jersey,1993,161540
34,New Jersey,1994,163394
34,New Jersey,1995,167744
34,New Jersey,1996,169090
34,New Jersey,1997,171616
34,New Jersey,1998,174742
34,New Jersey,1999,175509
34,New Jersey,2000,175915
34,New Jersey,2001,176796
34,New Jersey,2002,176363
34,New Jersey,2003,176982
34,New Jersey,2004,179494
34,New Jersey,2005,181344
34,New Jersey,2006,183960
34,New Jersey,2007,183445
34,New Jersey,2008,180132
34,New Jersey,2009,173672
34,New Jersey,2010,170362
34,New Jersey,2011,169155
34,New Jersey,2012,170953
34,New Jersey,2013,171211
34,New Jersey,2014,171189
34,New Jersey,2015,170537
34,New Jersey,2016,171828
34,New Jersey,2017,171544
34,New Jersey,2018,171568
34,New Jersey,2019,172153
35,New Mexico,1978,22020
35,New Mexico,1979,23020
35,New Mexico,1980,23199
35,New Mexico,1981,23478
35,New Mexico,1982,23408
35,New Mexico,1983,24578
35,New Mexico,1984,25769
35,New Mexico,1985,26082
35,New Mexico,1986,26378
35,New Mexico,1987,26392
35,New Mexico,1988,26563
35,New Mexico,1989,26896
35,New Mexico,1990,27487
35,New Mexico,1991,27704
35,New Mexico,1992,27942
35,New Mexico,1993,28865
35,New Mexico,1994,29823
35,New Mexico,1995,30623
35,New Mexico,1996,31023
35,New Mexico,1997,31121
35,New Mexico,1998,31497
35,New Mexico,1999,31356
35,New Mexico,2000,31202
35,New Mexico,2001,31171
35,New Mexico,2002,31290
35,New Mexico,2003,31723
35,New Mexico,2004,32273
35,New Mexico,2005,32760
35,New Mexico,2006,33541
35,New Mexico,2007,33967
35,New Mexico,2008,33717
35,New Mexico,2009,32861
35,New Mexico,2010,31998
35,New Mexico,2011,31667
35,New Mexico,2012,31641
35,New Mexico,2013,31486
35,New Mexico,2014,31309
35,New Mexico,2015,31184
35,New Mexico,2016,31065
35,New Mexico,2017,30965
35,New Mexico,2018,30905
35,New Mexico,2019,30906
36,New York,1978,313739
36,New York,1979,318610
36,New York,1980,319233
36,New York,1981,320027
36,New York,1982,315965
36,New York,1983,324139
36,New York,1984,330551
36,New York,1985,337006
36,New York,1986,342888
36,New York,1987,347346
36,New York,1988,352965
36,New York,1989,357227
36,New York,1990,356767
36,New York,1991,349957
36,New York,1992,344302
36,New York,1993,344810
36,New York,1994,345395
36,New York,1995,350085
36,New York,1996,351233
36,New York,1997,354633
36,New York,1998,360722
36,New York,1999,362618
36,New York,2000,365100
36,New York,2001,367335
36,New York,2002,367677
36,New York,2003,372603
36,New York,2004,377760
36,New York,2005,382356
36,New York,2006,386200
36,New York,2007,387516
36,New York,2008,387826
36,New York,2009,384372
36,New York,2010,385289
36,New York,2011,387556
36,New York,2012,393608
36,New York,2013,396471
36,New York,2014,399091
36,New York,2015,400974
36,New York,2016,405448
36,New York,2017,405842
36,New York,2018,406270
36,New York,2019,406925
37,North Carolina,1978,88761
37,North Carolina,1979,92286
37,North Carolina,1980,92837
37,North Carolina,1981,93228
37,North Carolina,1982,92050
37,North Carolina,1983,94209
37,North Carolina,1984,101527
37,North Carolina,1985,105364
37,North Carolina,1986,109151
37,North Carolina,1987,111862
37,North Carolina,1988,115456
37,North Carolina,1989,118666
37,North Carolina,1990,121688
37,North Carolina,1991,120576
37,North Carolina,1992,120903
37,North Carolina,1993,123400
37,North Carolina,1994,127045
37,North Carolina,1995,131510
37,North Carolina,1996,134495
37,North Carolina,1997,138427
37,North Carolina,1998,141584
37,North Carolina,1999,143869
37,North Carolina,2000,144552
37,North Carolina,2001,145496
37,North Carolina,2002,145672
37,North Carolina,2003,146906
37,North Carolina,2004,150095
37,North Carolina,2005,153291
37,North Carolina,2006,156972
37,North Carolina,2007,159554
37,North Carolina,2008,158626
37,North Carolina,2009,152488
37,North Carolina,2010,150098
37,North Carolina,2011,148611
37,North Carolina,2012,149221
37,North Carolina,2013,149325
37,North Carolina,2014,149766
37,North Carolina,2015,151573
37,North Carolina,2016,154678
37,North Carolina,2017,157107
37,North Carolina,2018,159455
37,North Carolina,2019,161157
38,North Dakota,1978,13325
38,North Dakota,1979,13975
38,North Dakota,1980,14094
38,North Dakota,1981,14220
38,North Dakota,1982,13998
38,North Dakota,1983,14309
38,North Dakota,1984,14847
38,North Dakota,1985,14598
38,North Dakota,1986,14470
38,North Dakota,1987,14476
38,North Dakota,1988,14671
38,North Dakota,1989,14738
38,North Dakota,1990,14755
38,North Dakota,1991,14638
38,North Dakota,1992,14612
38,North Dakota,1993,14864
38,North Dakota,1994,15140
38,North Dakota,1995,15391
38,North Dakota,1996,15449
38,North Dakota,1997,15309
38,North Dakota,1998,15436
38,North Dakota,1999,15379
38,North Dakota,2000,15248
38,North Dakota,2001,15179
38,North Dakota,2002,15037
38,North Dakota,2003,15099
38,North Dakota,2004,15379
38,North Dakota,2005,15549
38,North Dakota,2006,15643
38,North Dakota,2007,15795
38,North Dakota,2008,15860
38,North Dakota,2009,15866
38,North Dakota,2010,16059
38,North Dakota,2011,16334
38,North Dakota,2012,17014
38,North Dakota,2013,17381
38,North Dakota,2014,17764
38,North Dakota,2015,17992
38,North Dakota,2016,17794
38,North Dakota,2017,17561
38,North Dakota,2018,17474
38,North Dakota,2019,17533
39,Ohio,1978,155681
39,Ohio,1979,159817
39,Ohio,1980,159856
39,Ohio,1981,159176
39,Ohio,1982,155385
39,Ohio,1983,158104
39,Ohio,1984,163114
39,Ohio,1985,164373
39,Ohio,1986,167095
39,Ohio,1987,169849
39,Ohio,1988,173437
39,Ohio,1989,176482
39,Ohio,1990,178250
39,Ohio,1991,177565
39,Ohio,1992,177232
39,Ohio,1993,180130
39,Ohio,1994,183294
39,Ohio,1995,187043
39,Ohio,1996,187643
39,Ohio,1997,188528
39,Ohio,1998,190383
39,Ohio,1999,190093
39,Ohio,2000,189663
39,Ohio,2001,188025
39,Ohio,2002,186770
39,Ohio,2003,186527
39,Ohio,2004,187075
39,Ohio,2005,186776
39,Ohio,2006,186253
39,Ohio,2007,183767
39,Ohio,2008,179510
39,Ohio,2009,174029
39,Ohio,2010,170319
39,Ohio,2011,168740
39,Ohio,2012,168785
39,Ohio,2013,167610
39,Ohio,2014,166893
39,Ohio,2015,166736
39,Ohio,2016,166880
39,Ohio,2017,165594
39,Ohio,2018,165056
39,Ohio,2019,164675
40,Oklahoma,1978,52170
40,Oklahoma,1979,53938
40,Oklahoma,1980,54881
40,Oklahoma,1981,56444
40,Oklahoma,1982,57641
40,Oklahoma,1983,59009
40,Oklahoma,1984,60650
40,Oklahoma,1985,59907
40,Oklahoma,1986,58289
40,Oklahoma,1987,56113
40,Oklahoma,1988,55562
40,Oklahoma,1989,55686
40,Oklahoma,1990,56347
40,Oklahoma,1991,56805
40,Oklahoma,1992,57096
40,Oklahoma,1993,58443
40,Oklahoma,1994,59676
40,Oklahoma,1995,60673
40,Oklahoma,1996,61120
40,Oklahoma,1997,61671
40,Oklahoma,1998,62416
40,Oklahoma,1999,62312
40,Oklahoma,2000,62034
40,Oklahoma,2001,61829
40,Oklahoma,2002,62345
40,Oklahoma,2003,62700
40,Oklahoma,2004,63616
40,Oklahoma,2005,64346
40,Oklahoma,2006,65221
40,Oklahoma,2007,65763
40,Oklahoma,2008,65921
40,Oklahoma,2009,65682
40,Oklahoma,2010,64956
40,Oklahoma,2011,64634
40,Oklahoma,2012,65155
40,Oklahoma,2013,65522
40,Oklahoma,2014,65876
40,Oklahoma,2015,65930
40,Oklahoma,2016,65647
40,Oklahoma,2017,65401
40,Oklahoma,2018,65452
40,Oklahoma,2019,65587
41,Oregon,1978,50090
41,Oregon,1979,52440
41,Oregon,1980,53416
41,Oregon,1981,53646
41,Oregon,1982,51121
41,Oregon,1983,51788
41,Oregon,1984,54366
41,Oregon,1985,55046
41,Oregon,1986,56480
41,Oregon,1987,57456
41,Oregon,1988,58606
41,Oregon,1989,60118
41,Oregon,1990,61267
41,Oregon,1991,61708
41,Oregon,1992,62745
41,Oregon,1993,64368
41,Oregon,1994,67231
41,Oregon,1995,69339
41,Oregon,1996,70699
41,Oregon,1997,71864
41,Oregon,1998,73089
41,Oregon,1999,73543
41,Oregon,2000,73730
41,Oregon,2001,73904
41,Oregon,2002,73548
41,Oregon,2003,74896
41,Oregon,2004,76334
41,Oregon,2005,78688
41,Oregon,2006,81129
41,Oregon,2007,82668
41,Oregon,2008,82116
41,Oregon,2009,78706
41,Oregon,2010,77473
41,Oregon,2011,77062
41,Oregon,2012,77586
41,Oregon,2013,78383
41,Oregon,2014,79424
41,Oregon,2015,81002
41,Oregon,2016,82787
41,Oregon,2017,83823
41,Oregon,2018,85271
41,Oregon,2019,85637
42,Pennsylvania,1978,177684
42,Pennsylvania,1979,182510
42,Pennsylvania,1980,181812
42,Pennsylvania,1981,179437
42,Pennsylvania,1982,176010
42,Pennsylvania,1983,180257
42,Pennsylvania,1984,184433
42,Pennsylvania,1985,186295
42,Pennsylvania,1986,191795
42,Pennsylvania,1987,196289
42,Pennsylvania,1988,201543
42,Pennsylvania,1989,206048
42,Pennsylvania,1990,209352
42,Pennsylvania,1991,207674
42,Pennsylvania,1992,205589
42,Pennsylvania,1993,205946
42,Pennsylvania,1994,205856
42,Pennsylvania,1995,208959
42,Pennsylvania,1996,208584
42,Pennsylvania,1997,209973
42,Pennsylvania,1998,212311
42,Pennsylvania,1999,212411
42,Pennsylvania,2000,212919
42,Pennsylvania,2001,212480
42,Pennsylvania,2002,212086
42,Pennsylvania,2003,212620
42,Pennsylvania,2004,215091
42,Pennsylvania,2005,216453
42,Pennsylvania,2006,216708
42,Pennsylvania,2007,216087
42,Pennsylvania,2008,214082
42,Pennsylvania,2009,211063
42,Pennsylvania,2010,208143
42,Pennsylvania,2011,207408
42,Pennsylvania,2012,208323
42,Pennsylvania,2013,207673
42,Pennsylvania,2014,207257
42,Pennsylvania,2015,207063
42,Pennsylvania,2016,208432
42,Pennsylvania,2017,207582
42,Pennsylvania,2018,207526
42,Pennsylvania,2019,208187
44,Rhode Island,1978,18055
44,Rhode Island,1979,18661
44,Rhode Island,1980,18708
44,Rhode Island,1981,18730
44,Rhode Island,1982,18372
44,Rhode Island,1983,18574
44,Rhode Island,1984,19289
44,Rhode Island,1985,19732
44,Rhode Island,1986,20444
44,Rhode Island,1987,21219
44,Rhode Island,1988,21973
44,Rhode Island,1989,22400
44,Rhode Island,1990,22166
44,Rhode Island,1991,21262
44,Rhode Island,1992,20796
44,Rhode Island,1993,21139
44,Rhode Island,1994,21493
44,Rhode Island,1995,21710
44,Rhode Island,1996,21776
44,Rhode Island,1997,22010
44,Rhode Island,1998,22361
44,Rhode Island,1999,22260
44,Rhode Island,2000,22347
44,Rhode Island,2001,22323
44,Rhode Island,2002,22219
44,Rhode Island,2003,22472
44,Rhode Island,2004,23083
44,Rhode Island,2005,23203
44,Rhode Island,2006,23516
44,Rhode Island,2007,23290
44,Rhode Island,2008,22783
44,Rhode Island,2009,21810
44,Rhode Island,2010,21418
44,Rhode Island,2011,21187
44,Rhode Island,2012,21229
44,Rhode Island,2013,21075
44,Rhode Island,2014,20993
44,Rhode Island,2015,21176
44,Rhode Island,2016,21510
44,Rhode Island,2017,21551
44,Rhode Island,2018,21511
44,Rhode Island,2019,21625
45,South Carolina,1978,44540
45,South Carolina,1979,45774
45,South Carolina,1980,46233
45,South Carolina,1981,46612
45,South Carolina,1982,45755
45,South Carolina,1983,46770
45,South Carolina,1984,50168
45,South Carolina,1985,51797
45,South Carolina,1986,53482
45,South Carolina,1987,54920
45,South Carolina,1988,56654
45,South Carolina,1989,57996
45,South Carolina,1990,59364
45,South Carolina,1991,59449
45,South Carolina,1992,59638
45,South Carolina,1993,60970
45,South Carolina,1994,62347
45,South Carolina,1995,64129
45,South Carolina,1996,65268
45,South Carolina,1997,66645
45,South Carolina,1998,68202
45,South Carolina,1999,69438
45,South Carolina,2000,69745
45,South Carolina,2001,69563
45,South Carolina,2002,69877
45,South Carolina,2003,70870
45,South Carolina,2004,72303
45,South Carolina,2005,73825
45,South Carolina,2006,75543
45,South Carolina,2007,76489
45,South Carolina,2008,75615
45,South Carolina,2009,72829
45,South Carolina,2010,71288
45,South Carolina,2011,70167
45,South Carolina,2012,70237
45,South Carolina,2013,70453
45,South Carolina,2014,70750
45,South Carolina,2015,71679
45,South Carolina,2016,73038
45,South Carolina,2017,73981
45,South Carolina,2018,75208
45,South Carolina,2019,76074
46,South Dakota,1978,14253
46,South Dakota,1979,14822
46,South Dakota,1980,14889
46,South Dakota,1981,14690
46,South Dakota,1982,14239
46,South Dakota,1983,14524
46,South Dakota,1984,15054
46,South Dakota,1985,15050
46,South Dakota,1986,15033
46,South Dakota,1987,15135
46,South Dakota,1988,15325
46,South Dakota,1989,15537
46,South Dakota,1990,15945
46,South Dakota,1991,16106
46,South Dakota,1992,16228
46,South Dakota,1993,16575
46,South Dakota,1994,17068
46,South Dakota,1995,17422
46,South Dakota,1996,17584
46,South Dakota,1997,17646
46,South Dakota,1998,17901
46,South Dakota,1999,17964
46,South Dakota,2000,18060
46,South Dakota,2001,18069
46,South Dakota,2002,18289
46,South Dakota,2003,18432
46,South Dakota,2004,18774
46,South Dakota,2005,19086
46,South Dakota,2006,19293
46,South Dakota,2007,19425
46,South Dakota,2008,19330
46,South Dakota,2009,19200
46,South Dakota,2010,19204
46,South Dakota,2011,19089
46,South Dakota,2012,19219
46,South Dakota,2013,19280
46,South Dakota,2014,19331
46,South Dakota,2015,19562
46,South Dakota,2016,19750
46,South Dakota,2017,19759
46,South Dakota,2018,19824
46,South Dakota,2019,19824
47,Tennessee,1978,67802
47,Tennessee,1979,69894
47,Tennessee,1980,70148
47,Tennessee,1981,69838
47,Tennessee,1982,68230
47,Tennessee,1983,69456
47,Tennessee,1984,73920
47,Tennessee,1985,75211
47,Tennessee,1986,76873
47,Tennessee,1987,78716
47,Tennessee,1988,80537
47,Tennessee,1989,82280
47,Tennessee,1990,83311
47,Tennessee,1991,82728
47,Tennessee,1992,83289
47,Tennessee,1993,85617
47,Tennessee,1994,87700
47,Tennessee,1995,90115
47,Tennessee,1996,91298
47,Tennessee,1997,91967
47,Tennessee,1998,92706
47,Tennessee,1999,92360
47,Tennessee,2000,91695
47,Tennessee,2001,90638
47,Tennessee,2002,90220
47,Tennessee,2003,90519
47,Tennessee,2004,92135
47,Tennessee,2005,92919
47,Tennessee,2006,94125
47,Tennessee,2007,94918
47,Tennessee,2008,94195
47,Tennessee,2009,91530
47,Tennessee,2010,89805
47,Tennessee,2011,88767
47,Tennessee,2012,88443
47,Tennessee,2013,88530
47,Tennessee,2014,88491
47,Tennessee,2015,88733
47,Tennessee,2016,89668
47,Tennessee,2017,90372
47,Tennessee,2018,90996
47,Tennessee,2019,91358
48,Texas,1978,227903
48,Texas,1979,237546
48,Texas,1980,244282
48,Texas,1981,252535
48,Texas,1982,257172
48,Texas,1983,268034
48,Texas,1984,279680
48,Texas,1985,283647
48,Texas,1986,285264
48,Texas,1987,277966
48,Texas,1988,275570
48,Texas,1989,275463
48,Texas,1990,279815
48,Texas,1991,281425
48,Texas,1992,285602
48,Texas,1993,293681
48,Texas,1994,301730
48,Texas,1995,308878
48,Texas,1996,313697
48,Texas,1997,316890
48,Texas,1998,322626
48,Texas,1999,323323
48,Texas,2000,324200
48,Texas,2001,325995
48,Texas,2002,328350
48,Texas,2003,332098
48,Texas,2004,337169
48,Texas,2005,342012
48,Texas,2006,348328
48,Texas,2007,353617
48,Texas,2008,356018
48,Texas,2009,354467
48,Texas,2010,354121
48,Texas,2011,356069
48,Texas,2012,362834
48,Texas,2013,368969
48,Texas,2014,375819
48,Texas,2015,382240
48,Texas,2016,388173
48,Texas,2017,392981
48,Texas,2018,398943
48,Texas,2019,405653
49,Utah,1978,22971
49,Utah,1979,23931
49,Utah,1980,23877
49,Utah,1981,24211
49,Utah,1982,23790
49,Utah,1983,24482
49,Utah,1984,25454
49,Utah,1985,25725
49,Utah,1986,25857
49,Utah,1987,26207
49,Utah,1988,26370
49,Utah,1989,26571
49,Utah,1990,27103
49,Utah,1991,27730
49,Utah,1992,28570
49,Utah,1993,29864
49,Utah,1994,31504
49,Utah,1995,33113
49,Utah,1996,34613
49,Utah,1997,35991
49,Utah,1998,37098
49,Utah,1999,38104
49,Utah,2000,38847
49,Utah,2001,39825
49,Utah,2002,40792
49,Utah,2003,42255
49,Utah,2004,44011
49,Utah,2005,45933
49,Utah,2006,48900
49,Utah,2007,51496
49,Utah,2008,51607
49,Utah,2009,49432
49,Utah,2010,48739
49,Utah,2011,48795
49,Utah,2012,49758
49,Utah,2013,50824
49,Utah,2014,52070
49,Utah,2015,53277
49,Utah,2016,54490
49,Utah,2017,55748
49,Utah,2018,57419
49,Utah,2019,58817
50,Vermont,1978,10897
50,Vermont,1979,11369
50,Vermont,1980,11546
50,Vermont,1981,11609
50,Vermont,1982,11606
50,Vermont,1983,11851
50,Vermont,1984,12749
50,Vermont,1985,13284
50,Vermont,1986,13749
50,Vermont,1987,14512
50,Vermont,1988,15211
50,Vermont,1989,15778
50,Vermont,1990,15792
50,Vermont,1991,15427
50,Vermont,1992,15294
50,Vermont,1993,15573
50,Vermont,1994,15812
50,Vermont,1995,16100
50,Vermont,1996,16147
50,Vermont,1997,16341
50,Vermont,1998,16501
50,Vermont,1999,16744
50,Vermont,2000,16794
50,Vermont,2001,16681
50,Vermont,2002,16561
50,Vermont,2003,16648
50,Vermont,2004,16904
50,Vermont,2005,17027
50,Vermont,2006,17124
50,Vermont,2007,17168
50,Vermont,2008,16888
50,Vermont,2009,16392
50,Vermont,2010,16228
50,Vermont,2011,16055
50,Vermont,2012,16068
50,Vermont,2013,15943
50,Vermont,2014,15939
50,Vermont,2015,15994
50,Vermont,2016,16017
50,Vermont,2017,15948
50,Vermont,2018,15863
50,Vermont,2019,15711
51,Virginia,1978,76442
51,Virginia,1979,79620
51,Virginia,1980,80495
51,Virginia,1981,81069
51,Virginia,1982,79863
51,Virginia,1983,82863
51,Virginia,1984,87233
51,Virginia,1985,90967
51,Virginia,1986,95027
51,Virginia,1987,98282
51,Virginia,1988,102419
51,Virginia,1989,105513
51,Virginia,1990,108052
51,Virginia,1991,106512
51,Virginia,1992,107051
51,Virginia,1993,109631
51,Virginia,1994,112398
51,Virginia,1995,115826
51,Virginia,1996,116816
51,Virginia,1997,118994
51,Virginia,1998,121294
51,Virginia,1999,122061
51,Virginia,2000,123033
51,Virginia,2001,124013
51,Virginia,2002,125338
51,Virginia,2003,127421
51,Virginia,2004,131589
51,Virginia,2005,134722
51,Virginia,2006,138326
51,Virginia,2007,139560
51,Virginia,2008,138279
51,Virginia,2009,134816
51,Virginia,2010,133109
51,Virginia,2011,132230
51,Virginia,2012,132846
51,Virginia,2013,133237
51,Virginia,2014,133682
51,Virginia,2015,134680
51,Virginia,2016,135978
51,Virginia,2017,136783
51,Virginia,2018,137263
51,Virginia,2019,138162
53,Washington,1978,71711
53,Washington,1979,75635
53,Washington,1980,76439
53,Washington,1981,77249
53,Washington,1982,75794
53,Washington,1983,79050
53,Washington,1984,83793
53,Washington,1985,85178
53,Washington,1986,87230
53,Washington,1987,89061
53,Washington,1988,91551
53,Washington,1989,94082
53,Washington,1990,98098
53,Washington,1991,99903
53,Washington,1992,102578
53,Washington,1993,105835
53,Washington,1994,109175
53,Washington,1995,111433
53,Washington,1996,112906
53,Washington,1997,114715
53,Washington,1998,117384
53,Washington,1999,118168
53,Washington,2000,118803
53,Washington,2001,119092
53,Washington,2002,118449
53,Washington,2003,120234
53,Washington,2004,122896
53,Washington,2005,126447
53,Washington,2006,130233
53,Washington,2007,132991
53,Washington,2008,132981
53,Washington,2009,127839
53,Washington,2010,126147
53,Washington,2011,124464
53,Washington,2012,124729
53,Washington,2013,126032
53,Washington,2014,127879
53,Washington,2015,130238
53,Washington,2016,132594
53,Washington,2017,134476
53,Washington,2018,136904
53,Washington,2019,137843
54,West Virginia,1978,26590
54,West Virginia,1979,27663
54,West Virginia,1980,27517
54,West Virginia,1981,27257
54,West Virginia,1982,26278
54,West Virginia,1983,26392
54,West Virginia,1984,27083
54,West Virginia,1985,27168
54,West Virginia,1986,27244
54,West Virginia,1987,27365
54,West Virginia,1988,28035
54,West Virginia,1989,28351
54,West Virginia,1990,28644
54,West Virginia,1991,28523
54,West Virginia,1992,28595
54,West Virginia,1993,29092
54,West Virginia,1994,29631
54,West Virginia,1995,30326
54,West Virginia,1996,30328
54,West Virginia,1997,30487
54,West Virginia,1998,30616
54,West Virginia,1999,30533
54,West Virginia,2000,30308
54,West Virginia,2001,29680
54,West Virginia,2002,29403
54,West Virginia,2003,29239
54,West Virginia,2004,29576
54,West Virginia,2005,29570
54,West Virginia,2006,29417
54,West Virginia,2007,29190
54,West Virginia,2008,28488
54,West Virginia,2009,27861
54,West Virginia,2010,27218
54,West Virginia,2011,26737
54,West Virginia,2012,26548
54,West Virginia,2013,26051
54,West Virginia,2014,25519
54,West Virginia,2015,25267
54,West Virginia,2016,24966
54,West Virginia,2017,24527
54,West Virginia,2018,24109
54,West Virginia,2019,23925
55,Wisconsin,1978,78996
55,Wisconsin,1979,81699
55,Wisconsin,1980,81895
55,Wisconsin,1981,82240
55,Wisconsin,1982,80635
55,Wisconsin,1983,82760
55,Wisconsin,1984,85442
55,Wisconsin,1985,85738
55,Wisconsin,1986,86189
55,Wisconsin,1987,87982
55,Wisconsin,1988,89508
55,Wisconsin,1989,91044
55,Wisconsin,1990,92893
55,Wisconsin,1991,93081
55,Wisconsin,1992,93616
55,Wisconsin,1993,95709
55,Wisconsin,1994,97375
55,Wisconsin,1995,99149
55,Wisconsin,1996,99799
55,Wisconsin,1997,100756
55,Wisconsin,1998,102137
55,Wisconsin,1999,102491
55,Wisconsin,2000,102678
55,Wisconsin,2001,102382
55,Wisconsin,2002,102079
55,Wisconsin,2003,102047
55,Wisconsin,2004,103151
55,Wisconsin,2005,104222
55,Wisconsin,2006,104406
55,Wisconsin,2007,104146
55,Wisconsin,2008,102425
55,Wisconsin,2009,99896
55,Wisconsin,2010,98313
55,Wisconsin,2011,97039
55,Wisconsin,2012,96814
55,Wisconsin,2013,96160
55,Wisconsin,2014,96217
55,Wisconsin,2015,96679
55,Wisconsin,2016,97735
55,Wisconsin,2017,97415
55,Wisconsin,2018,97527
55,Wisconsin,2019,97237
56,Wyoming,1978,10321
56,Wyoming,1979,11061
56,Wyoming,1980,11430
56,Wyoming,1981,11750
56,Wyoming,1982,11764
56,Wyoming,1983,11818
56,Wyoming,1984,11939
56,Wyoming,1985,11898
56,Wyoming,1986,11591
56,Wyoming,1987,11093
56,Wyoming,1988,11135
56,Wyoming,1989,11157
56,Wyoming,1990,11296
56,Wyoming,1991,11486
56,Wyoming,1992,11610
56,Wyoming,1993,12002
56,Wyoming,1994,12520
56,Wyoming,1995,12898
56,Wyoming,1996,13130
56,Wyoming,1997,13253
56,Wyoming,1998,13599
56,Wyoming,1999,13568
56,Wyoming,2000,13717
56,Wyoming,2001,13859
56,Wyoming,2002,14129
56,Wyoming,2003,14340
56,Wyoming,2004,14641
56,Wyoming,2005,14988
56,Wyoming,2006,15420
56,Wyoming,2007,15759
56,Wyoming,2008,15832
56,Wyoming,2009,15724
56,Wyoming,2010,15312
56,Wyoming,2011,15407
56,Wyoming,2012,15566
56,Wyoming,2013,15518
56,Wyoming,2014,15568
56,Wyoming,2015,15811
56,Wyoming,2016,15629
56,Wyoming,2017,15597
56,Wyoming,2018,15798
56,Wyoming,2019,15900
